date,perc_oggi,ospedalizzati_oggi,Temperatura_media,Umidit√†_media
2020-09-07,1.4599999999999997,268.0,20.981415906788246,79.76990881458967
2020-09-08,1.4328571428571428,275.0,21.69611111111111,71.28730158730158
2020-09-09,1.3800000000000001,279.0,22.247917933130697,70.88728470111448
2020-09-10,1.3499999999999999,286.0,22.79595238095238,73.56369047619047
2020-09-11,1.3785714285714283,273.0,23.065238095238094,72.72261904761903
2020-09-12,1.374285714285714,278.0,23.41690476190476,69.79166666666667
2020-09-13,1.4357142857142857,280.0,24.236428571428576,67.2892857142857
2020-09-14,1.49,290.0,24.234546605876393,66.61063829787234
2020-09-15,1.4342857142857142,292.0,23.6509726443769,64.29103343465046
2020-09-16,1.4157142857142857,294.0,23.944642857142856,64.92083333333333
2020-09-17,1.3985714285714288,304.0,23.889761904761905,62.24107142857143
2020-09-18,1.3842857142857146,316.0,23.516071428571426,62.484523809523814
2020-09-19,1.3114285714285714,307.0,20.7825,68.56130952380951
2020-09-20,1.2185714285714286,302.0,20.19928571428571,75.3625
2020-09-21,1.1214285714285714,319.0,20.832936507936505,78.83333333333334
2020-09-22,1.167142857142857,328.0,19.052562111801244,89.59316770186335
2020-09-23,1.162857142857143,341.0,19.49528985507246,82.17650103519668
2020-09-24,1.1314285714285715,334.0,19.181071428571432,83.21011904761905
2020-09-25,1.1357142857142857,330.0,16.920238095238094,75.09464285714286
2020-09-26,1.167142857142857,342.0,15.70892857142857,41.06011904761905
2020-09-27,1.1514285714285715,333.0,12.827063492063493,65.1531746031746
2020-09-28,1.237142857142857,337.0,14.026666666666666,67.53869047619048
2020-09-29,1.2714285714285716,348.0,15.280952380952382,70.70178571428572
2020-09-30,1.3014285714285716,340.0,16.305238095238092,75.53511904761903
2020-10-01,1.3357142857142859,333.0,16.710891590678823,81.08675278622088
2020-10-02,1.362857142857143,341.0,16.48964285714286,87.39880952380953
2020-10-03,1.4685714285714286,335.0,17.23559523809524,69.35833333333333
2020-10-04,1.5857142857142856,335.0,14.88988095238095,74.16904761904762
2020-10-05,1.8157142857142858,346.0,14.699498480243161,82.4144883485309
2020-10-06,1.9171428571428575,360.0,14.430357142857144,80.41011904761903
2020-10-07,2.108571428571429,379.0,16.499880952380952,70.47440476190476
2020-10-08,2.3628571428571425,402.0,14.731547619047618,71.76547619047619
2020-10-09,2.69,415.0,14.781428571428572,78.50357142857142
2020-10-10,3.104285714285715,452.0,15.75675170068027,78.68707482993197
2020-10-11,3.7471428571428573,481.0,11.867236937328121,91.99258213923868
2020-10-12,4.015714285714286,513.0,11.618148429584599,77.75587639311046
2020-10-13,4.601428571428571,608.0,10.220197568389057,66.47720364741642
2020-10-14,5.1642857142857155,709.0,10.724949341438702,73.45734549138804
2020-10-15,5.631428571428572,798.0,10.551610942249239,91.44731509625126
2020-10-16,6.2128571428571435,905.0,11.775595238095237,84.56130952380953
2020-10-17,6.811428571428571,1039.0,10.764987335359676,84.08110435663627
2020-10-18,7.2371428571428575,1175.0,11.114880952380954,84.90238095238097
2020-10-19,8.177142857142858,1249.0,11.505584886128364,86.50678053830227
2020-10-20,8.61,1391.0,11.468989361702128,86.32727963525836
2020-10-21,9.321428571428571,1655.0,12.587976190476189,84.88690476190477
2020-10-22,10.062857142857142,1841.0,12.229166666666668,91.05833333333332
2020-10-23,10.832857142857142,2197.0,12.912420634920634,95.96785714285714
2020-10-24,11.684285714285716,2366.0,13.479642857142858,94.01488095238096
2020-10-25,12.645714285714288,2557.0,13.49757142857143,88.77357142857143
2020-10-26,13.384285714285713,2701.0,14.271507092198581,92.54632725430598
2020-10-27,14.455714285714285,2986.0,12.058197278911564,82.96011904761905
2020-10-28,15.454285714285714,3364.0,10.905357142857143,81.99107142857143
2020-10-29,16.259999999999998,3700.0,11.390541844644835,84.8204318936877
2020-10-30,17.09,4068.0,11.657857142857143,87.40595238095239
2020-10-31,17.65285714285714,4425.0,10.942811550151976,91.7950861195542
2020-11-01,18.419999999999998,4664.0,11.50422797025787,94.02421294099034
2020-11-02,19.15857142857143,4841.0,11.646921768707484,96.01190476190474
2020-11-03,19.762857142857143,5215.0,13.452857142857143,93.73214285714286
2020-11-04,19.681428571428572,5525.0,14.071615646258504,92.03954081632654
2020-11-05,20.259999999999998,5840.0,13.57419959473151,90.76000506585612
2020-11-06,20.58857142857143,6133.0,13.057500000000003,84.23273809523809
2020-11-07,21.424285714285713,6423.0,10.891580547112463,89.47575987841945
2020-11-08,20.687142857142856,6875.0,10.561411564625852,87.35102040816328
2020-11-09,20.78857142857143,7084.0,11.623333333333333,87.21607142857144
2020-11-10,21.09857142857143,7390.0,10.455889057750761,91.40354609929078
2020-11-11,20.78,7671.0,8.993333333333334,88.79931972789117
2020-11-12,20.837142857142858,7829.0,10.483115942028984,87.83762939958592
2020-11-13,20.50857142857143,8120.0,10.572698412698413,91.05238095238096
2020-11-14,20.215714285714284,8438.0,10.887070393374742,88.98964803312629
2020-11-15,20.82857142857143,8618.0,11.357142857142856,84.64821428571429
2020-11-16,20.867142857142856,8756.0,10.448592415689678,94.17928426689824
2020-11-17,20.704285714285714,9045.0,8.563877551020408,86.96003401360544
2020-11-18,21.348571428571432,9226.0,6.452781385281385,91.54676870748301
2020-11-19,21.08857142857143,9206.0,5.73047619047619,94.12202380952382
2020-11-20,21.477142857142855,9234.0,8.37452380952381,82.90765306122448
2020-11-21,21.065714285714282,9250.0,5.661190476190477,68.24047619047619
2020-11-22,20.53142857142857,9340.0,3.592142857142857,73.52261904761905
2020-11-23,19.56,9276.0,4.020833333333334,78.44821428571429
2020-11-24,18.655714285714286,9292.0,5.329648033126294,77.59353002070394
2020-11-25,17.55142857142857,9056.0,4.024182194616977,84.60346790890269
2020-11-26,16.56,8930.0,3.2900000000000005,89.42440476190477
2020-11-27,15.322857142857142,8794.0,2.8752380952380956,93.83333333333333
2020-11-28,14.235714285714286,8535.0,5.014402590823564,89.52746417716023
2020-11-29,13.402857142857142,8307.0,6.704285714285715,87.37440476190476
2020-11-30,12.727142857142855,8339.0,4.802545045045045,80.36856499356499
2020-12-01,12.14,8218.0,4.656207482993197,79.73639455782313
2020-12-02,11.73857142857143,8077.0,1.5446428571428572,94.09821428571429
2020-12-03,11.375714285714285,7861.0,1.9438424518743667,95.65387537993921
2020-12-04,11.025714285714287,7614.0,3.648928571428571,92.95833333333333
2020-12-05,10.698571428571428,7359.0,5.158571428571428,95.39285714285714
2020-12-06,10.414285714285715,7179.0,4.73404761904762,95.83630952380952
2020-12-07,10.122857142857143,7143.0,4.714425025329281,91.93216818642351
2020-12-08,9.914285714285715,6954.0,5.4125000000000005,92.55654761904762
2020-12-09,9.801428571428572,6493.0,5.615578231292518,95.05102040816327
2020-12-10,9.558571428571428,6361.0,5.794642857142857,94.91369047619047
2020-12-11,9.304285714285713,6150.0,4.051445578231293,95.60119047619047
2020-12-12,9.202857142857143,6006.0,4.869817629179331,94.81742654508612
2020-12-13,9.185714285714285,5873.0,2.602613871635611,94.11801242236025
2020-12-14,9.047142857142857,5738.0,2.019761904761905,96.43511904761905
2020-12-15,8.835714285714285,5652.0,4.40093537414966,96.37993197278912
2020-12-16,8.73,5575.0,6.549846938775509,96.88877551020407
2020-12-17,8.73,5404.0,6.988809523809524,96.7172619047619
2020-12-18,8.611428571428572,5258.0,6.757142857142857,92.83611111111111
2020-12-19,8.29857142857143,5087.0,6.897806122448978,93.08630952380953
2020-12-20,8.135714285714284,4924.0,7.012816977854972,96.71936966275872
2020-12-21,8.224285714285715,4793.0,7.505833333333333,96.19047619047618
2020-12-22,8.001428571428571,4830.0,8.026904761904762,96.09404761904761
2020-12-23,7.798571428571429,4779.0,8.111904761904762,95.41785714285713
2020-12-24,7.738571428571428,4699.0,7.97700861195542,98.1234802431611
2020-12-25,7.924285714285715,4498.0,5.863632218844985,93.20785207700101
2020-12-26,8.392857142857142,4352.0,3.6317857142857144,85.68511904761905
2020-12-27,8.607142857142858,4309.0,0.4355952380952382,86.91964285714286
2020-12-28,8.817142857142857,4303.0,0.5451020408163265,95.54761904761904
2020-12-29,8.835714285714285,4132.0,0.40468664061369236,95.41487190620929
2020-12-30,8.902857142857142,4098.0,1.5710714285714287,96.06666666666668
2020-12-31,9.405714285714286,3926.0,-0.19630952380952382,93.19107142857142
2021-01-01,9.775714285714285,3839.0,2.483690476190476,95.66964285714286
2021-01-02,9.982857142857142,3784.0,4.467872340425532,94.2202380952381
2021-01-03,10.472857142857142,3756.0,5.351190476190476,92.50297619047618
2021-01-04,10.491428571428571,3711.0,4.476751700680272,93.38069727891157
2021-01-05,10.948571428571428,3819.0,3.835081053698075,94.17844478216819
2021-01-06,11.428571428571429,3895.0,3.161632653061224,95.31930272108843
2021-01-07,11.718571428571428,3836.0,2.485111448834853,91.9131205673759
2021-01-08,11.527142857142858,3902.0,1.2059523809523809,86.05238095238096
2021-01-09,11.265714285714285,4033.0,0.7794047619047618,80.12916666666668
2021-01-10,11.282857142857143,4057.0,0.8735714285714286,75.84166666666667
2021-01-11,11.364285714285716,3984.0,-0.7948809523809522,79.90476190476191
2021-01-12,10.895714285714286,4107.0,-0.6748733535967578,80.11030901722391
2021-01-13,10.420000000000002,4113.0,1.488457556935818,76.07091097308489
2021-01-14,9.742857142857142,4082.0,1.6068085106382977,83.26755319148937
2021-01-15,9.148571428571428,4067.0,3.4204761904761907,69.94285714285715
2021-01-16,8.569999999999999,4118.0,0.6432142857142857,80.62738095238095
2021-01-17,7.618571428571428,4062.0,0.694047619047619,86.6422619047619
2021-01-18,7.067142857142857,4002.0,-1.19630083948473,90.69460124475323
2021-01-19,6.591428571428572,4044.0,-1.5330952380952383,93.18869047619047
2021-01-20,6.28,4078.0,1.3567857142857143,95.89285714285714
2021-01-21,5.835714285714286,4055.0,2.545700897380229,96.94975756259952
2021-01-22,5.732857142857143,3987.0,4.160442900564481,97.35374149659864
2021-01-23,5.5600000000000005,3897.0,6.102363221884498,89.99675785207701
2021-01-24,5.492857142857143,3833.0,2.43105116514691,88.2725937183384
2021-01-25,5.581428571428572,3819.0,2.2748682877406283,70.4581053698075
2021-01-26,5.762857142857143,3922.0,4.651790780141844,42.76395643363729
2021-01-27,5.8,3950.0,1.7304761904761903,64.74583333333332
2021-01-28,5.847142857142857,3908.0,2.1623809523809525,77.21488095238097
2021-01-29,5.815714285714286,3869.0,2.350102040816327,84.55025510204082
2021-01-30,5.788571428571429,3831.0,4.5997619047619045,82.39464285714287
2021-01-31,5.78,3865.0,6.137373353596758,91.65215660732379
2021-02-01,5.561428571428571,3860.0,4.920119047619047,86.69047619047618
2021-02-02,5.404285714285714,3905.0,3.083027210884354,96.05442176870748
2021-02-03,5.315714285714286,3913.0,4.893928571428572,97.65595238095239
2021-02-04,5.177142857142857,3901.0,6.829642857142859,96.06369047619047
2021-02-05,5.299999999999999,3908.0,8.071719905353445,94.86470718722272
2021-02-06,5.398571428571429,3894.0,8.3325,94.87670068027212
2021-02-07,5.3428571428571425,3825.0,8.546190476190477,95.453231292517
2021-02-08,5.351428571428571,3853.0,7.729285714285715,83.04175170068028
2021-02-09,5.564285714285715,3916.0,7.675868794326241,90.72155521783179
2021-02-10,5.6485714285714295,3935.0,7.260043059777103,94.99977203647417
2021-02-11,5.722857142857143,3918.0,6.1866666666666665,86.875
2021-02-12,5.744285714285715,3942.0,2.4574974670719354,63.28617021276597
2021-02-13,5.777142857142857,3939.0,-0.4711645962732919,58.11195652173914
2021-02-14,5.931428571428571,3926.0,0.2102380952380952,63.33273809523809
2021-02-15,5.96,3938.0,1.2697619047619046,65.35714285714286
2021-02-16,5.984285714285714,4066.0,3.841066362715299,73.83556231003038
2021-02-17,5.9157142857142855,4103.0,7.186785714285714,78.60654761904763
2021-02-18,5.941428571428571,4084.0,7.636547619047619,79.875
2021-02-19,6.028571428571428,4106.0,8.334642857142857,92.3809523809524
2021-02-20,6.214285714285714,4104.0,9.163214285714286,90.13035714285715
2021-02-21,6.36,4127.0,8.990476190476189,85.65119047619048
2021-02-22,6.604285714285714,4217.0,8.938528138528138,89.31883116883117
2021-02-23,6.801428571428572,4325.0,8.350167173252279,86.11590678824722
2021-02-24,7.082857142857143,4352.0,9.883644094001237,74.78033395176253
2021-02-25,7.405714285714287,4431.0,10.97707193515704,67.17206180344479
2021-02-26,7.772857142857143,4450.0,10.961397515527949,69.276966873706
2021-02-27,8.098571428571429,4497.0,11.462932900432902,66.37067099567099
2021-02-28,8.368571428571428,4544.0,9.034361471861471,60.812213976499685
2021-03-01,8.66,4665.0,7.687539682539682,65.82777777777778
2021-03-02,8.930000000000001,4884.0,8.558716167317991,63.058944854537565
2021-03-03,9.168571428571429,5051.0,7.237125850340137,74.52568027210884
2021-03-04,9.37142857142857,5267.0,8.062164502164501,74.83019480519481
2021-03-05,9.281428571428572,5347.0,10.46688775510204,74.1375850340136
2021-03-06,9.357142857142858,5499.0,7.335833333333333,73.43630952380953
2021-03-07,9.478571428571428,5631.0,5.516491894630193,68.08847517730496
2021-03-08,9.425714285714287,5797.0,6.27666149068323,73.75740165631471
2021-03-09,9.372857142857143,6027.0,7.148762939958592,70.21454451345755
2021-03-10,9.331428571428571,6201.0,7.473849206349207,67.7388888888889
2021-03-11,9.294285714285715,6363.0,7.242670068027211,74.1484693877551
2021-03-12,9.45857142857143,6576.0,10.091818642350558,81.97843392676221
2021-03-13,9.474285714285713,6762.0,9.380263975155279,73.37769151138717
2021-03-14,9.375714285714285,6791.0,9.116785714285713,57.773809523809526
2021-03-15,9.39,6926.0,9.188571428571427,54.42389455782313
2021-03-16,9.397142857142857,7239.0,10.351825396825395,31.46746031746032
2021-03-17,9.347142857142858,7422.0,8.608531746031746,38.040079365079364
2021-03-18,9.28,7530.0,6.370357142857143,60.887499999999996
2021-03-19,9.025714285714285,7584.0,6.012502894774931,64.81445216384425
2021-03-20,8.847142857142858,7682.0,5.09051744101896,63.09398610508033
2021-03-21,8.709999999999999,7732.0,4.654166666666667,49.042857142857144
2021-03-22,8.65,7774.0,7.002978723404255,50.66524822695036
2021-03-23,8.52,8001.0,7.966428571428572,51.907738095238095
2021-03-24,8.458571428571428,8023.0,9.070595238095239,59.875
2021-03-25,8.39,7977.0,9.600287456445994,65.39782229965157
2021-03-26,8.37,7959.0,13.756573498964807,59.02106625258799
2021-03-27,8.287142857142857,7976.0,11.968452380952382,75.82083333333333
2021-03-28,8.208571428571428,7937.0,12.614332298136647,71.29114906832298
2021-03-29,8.035714285714286,7864.0,14.025357142857144,68.96607142857142
2021-03-30,7.9885714285714275,7971.0,13.588809523809525,71.31547619047619
2021-03-31,7.9557142857142855,7896.0,16.518809523809523,61.09285714285714
2021-04-01,7.8357142857142845,7683.0,18.09330287929125,53.18344803037494
2021-04-02,7.622857142857143,7560.0,17.373690476190472,51.99404761904763
2021-04-03,7.505714285714285,7522.0,13.87297619047619,65.125
2021-04-04,7.378571428571428,7486.0,11.208146258503401,54.7875
2021-04-05,7.2857142857142865,7484.0,10.675595238095239,53.80773809523809
2021-04-06,7.377142857142857,7488.0,8.376495859213252,67.9437370600414
2021-04-07,7.17,7429.0,6.648809523809524,44.76130952380952
2021-04-08,6.75,7331.0,8.391428571428571,41.0029761904762
2021-04-09,6.601428571428571,7080.0,9.84170634920635,62.98412698412699
2021-04-10,6.382857142857143,6883.0,10.866581632653062,66.0047619047619
2021-04-11,6.145714285714286,6710.0,9.509523809523811,92.51190476190474
2021-04-12,5.775714285714286,6574.0,10.119601449275363,93.57948831706595
2021-04-13,5.361428571428571,6514.0,8.96701123927832,78.00134575569359
2021-04-14,5.184285714285715,6370.0,8.466972789115646,62.04727891156462
2021-04-15,5.261428571428572,6126.0,7.873072803589522,71.05677739180778
2021-04-16,5.167142857142857,5859.0,8.564166666666667,62.49404761904761
2021-04-17,5.091428571428572,5624.0,9.228095238095237,62.574999999999996
2021-04-18,5.04,5438.0,10.474523809523811,66.00952380952381
2021-04-19,5.084285714285714,5331.0,11.170714285714286,66.68035714285715
2021-04-20,4.859999999999999,5314.0,12.5125,60.13869047619048
2021-04-21,4.857142857142857,5189.0,12.85,66.01309523809525
2021-04-22,4.8,5005.0,13.193095238095239,70.05654761904762
2021-04-23,4.765714285714286,4829.0,14.572738095238096,66.68095238095238
2021-04-24,4.695714285714286,4661.0,15.282738095238093,61.20178571428572
2021-04-25,4.672857142857143,4496.0,16.690595238095238,56.275
2021-04-26,4.612857142857143,4425.0,13.745714285714286,71.88690476190477
2021-04-27,4.6499999999999995,4401.0,11.952738095238093,82.92857142857143
2021-04-28,4.655714285714285,4282.0,14.078928571428573,76.50357142857142
2021-04-29,4.611428571428571,4154.0,13.775714285714285,92.89285714285714
2021-04-30,4.498571428571429,4045.0,15.38702380952381,86.37738095238095
2021-05-01,4.361428571428571,3939.0,14.654047619047619,90.3672619047619
2021-05-02,4.247142857142857,3832.0,14.712738095238095,77.07380952380952
2021-05-03,4.11,3750.0,13.96505319148936,70.360663627153
2021-05-04,4.055714285714286,3788.0,14.891684397163118,64.72044072948329
2021-05-05,3.8871428571428566,3707.0,15.413254812563324,68.99095744680851
2021-05-06,3.8057142857142856,3585.0,15.252738095238096,69.54285714285714
2021-05-07,3.707142857142857,3459.0,17.9325,59.26547619047619
2021-05-08,3.621428571428571,3340.0,16.06047619047619,57.29226190476191
2021-05-09,3.495714285714286,3218.0,17.38011904761905,63.69702380952382
2021-05-10,3.412857142857143,3147.0,18.836388888888887,60.723412698412695
2021-05-11,3.2528571428571427,3010.0,14.694072948328268,86.3161094224924
2021-05-12,3.1471428571428572,2889.0,15.73783036618903,76.57086770878564
2021-05-13,2.988571428571429,2768.0,16.01952380952381,71.0625
2021-05-14,2.8742857142857146,2662.0,13.94965552178318,80.13890577507598
2021-05-15,2.7800000000000002,2549.0,14.344030612244902,76.74005102040816
2021-05-16,2.6499999999999995,2435.0,14.697023809523811,85.41011904761906
2021-05-17,2.6,2399.0,17.71971655328798,58.948696145124714
2021-05-18,2.5271428571428567,2345.0,16.87753111883051,57.23461427124041
2021-05-19,2.4628571428571426,2257.0,16.220460662525877,63.53369565217391
2021-05-20,2.384285714285714,2071.0,17.021446301925028,47.26762917933131
2021-05-21,2.275714285714286,1970.0,16.99797619047619,54.41845238095238
2021-05-22,2.1885714285714286,1864.0,16.508214285714285,71.27202380952382
2021-05-23,2.1457142857142855,1774.0,18.522142857142857,64.08690476190476
2021-05-24,1.945714285714286,1757.0,13.91522774327122,90.33245341614906
2021-05-25,1.91,1725.0,17.030286157941436,64.89368530020705
2021-05-26,1.8628571428571428,1642.0,16.728989361702126,63.710536980749744
2021-05-27,1.7757142857142856,1559.0,18.6825,60.708333333333336
2021-05-28,1.7142857142857146,1481.0,19.33535714285714,62.68928571428571
2021-05-29,1.6614285714285713,1374.0,19.9662925170068,58.036734693877555
2021-05-30,1.5842857142857143,1322.0,19.460833333333333,55.61130952380953
2021-05-31,1.5385714285714285,1285.0,19.10985309017224,54.76127152988855
2021-06-01,1.5,1293.0,20.582261904761907,53.67976190476191
2021-06-02,1.455714285714286,1187.0,20.606589026915117,55.22349896480331
2021-06-03,1.487142857142857,1135.0,22.388017598343684,57.975155279503106
2021-06-04,1.4485714285714284,1122.0,23.78095238095238,54.06785714285714
2021-06-05,1.4100000000000001,1057.0,23.334285714285716,61.586309523809526
2021-06-06,1.364285714285714,1000.0,21.315238095238097,74.46011904761905
2021-06-07,1.3071428571428572,966.0,20.592023809523813,82.52857142857144
2021-06-08,1.2428571428571427,962.0,21.53642857142857,76.42202380952381
2021-06-09,1.167142857142857,897.0,22.340887445887443,69.05151515151515
2021-06-10,1.04,851.0,23.01583333333333,64.38988095238095
2021-06-11,0.9785714285714285,782.0,22.532159863945584,70.93503401360545
2021-06-12,0.92,751.0,24.08969142328532,65.52625875512092
2021-06-13,0.8714285714285716,742.0,26.755108225108224,57.051352813852816
2021-06-14,0.8357142857142857,705.0,25.623928571428568,63.683928571428574
2021-06-15,0.797142857142857,690.0,24.95069655521783,54.49997467071934
2021-06-16,0.7957142857142857,626.0,24.406327254305978,65.44012158054711
2021-06-17,0.7428571428571429,586.0,26.17313540309741,64.21840353162541
2021-06-18,0.6828571428571429,518.0,27.57261904761905,56.098214285714285
2021-06-19,0.6428571428571429,482.0,26.008394705708373,58.850214433599525
2021-06-20,0.5785714285714285,485.0,25.941309523809526,64.80238095238096
2021-06-21,0.5671428571428571,468.0,26.839103343465048,60.24850557244174
2021-06-22,0.5514285714285714,462.0,25.98614741641337,55.9055977710233
2021-06-23,0.5042857142857142,422.0,24.522256838905776,65.25119047619047
2021-06-24,0.48285714285714293,386.0,24.597738095238096,56.756547619047616
2021-06-25,0.4928571428571429,361.0,24.006190476190472,57.37619047619048
2021-06-26,0.4771428571428572,333.0,24.99561224489796,57.648809523809526
2021-06-27,0.4685714285714286,320.0,26.08547619047619,56.59226190476191
2021-06-28,0.4257142857142857,311.0,27.63452380952381,53.765476190476186
2021-06-29,0.40714285714285714,300.0,26.87488095238095,51.43154761904763
2021-06-30,0.40714285714285714,269.0,24.225068389057753,59.000202634245184
2021-07-01,0.39428571428571424,250.0,24.799761904761905,53.19880952380953
2021-07-02,0.39285714285714285,242.0,25.186309523809523,57.65416666666666
2021-07-03,0.3985714285714286,253.0,25.356243667679838,63.48530901722391
2021-07-04,0.4071428571428571,239.0,21.349166666666665,88.20833333333334
2021-07-05,0.41714285714285715,208.0,22.96011904761905,71.97023809523809
2021-07-06,0.43000000000000005,203.0,25.673027210884356,61.15824829931973
2021-07-07,0.41714285714285715,194.0,26.614761904761902,64.48035714285714
2021-07-08,0.46142857142857147,177.0,23.60431972789116,76.1171768707483
2021-07-09,0.5057142857142857,162.0,23.219295845997973,62.855648429584605
2021-07-10,0.5385714285714286,158.0,24.723928571428576,57.64493414387032
2021-07-11,0.5999999999999999,161.0,24.85345238095238,62.334523809523816
2021-07-12,0.6757142857142858,164.0,25.703690476190477,65.40714285714286
2021-07-13,0.7328571428571429,166.0,24.490000000000002,68.54464285714286
2021-07-14,0.86,155.0,20.402679476045737,71.42582862932407
2021-07-15,0.9299999999999999,157.0,21.67107142857143,69.60119047619048
2021-07-16,0.9942857142857143,173.0,21.65416666666667,75.81011904761905
2021-07-17,1.0757142857142856,167.0,23.774761904761906,69.30833333333332
2021-07-18,1.1271428571428572,166.0,25.368367346938776,66.96445578231292
2021-07-19,1.227142857142857,168.0,26.780057744027847,58.97895902547066
2021-07-20,1.2914285714285714,167.0,27.24892857142857,58.232738095238105
2021-07-21,1.337142857142857,160.0,27.098333333333333,61.957142857142856
2021-07-22,1.3871428571428572,163.0,26.791547619047616,65.16309523809524
2021-07-23,1.4957142857142856,169.0,25.785678053830228,68.5185817805383
2021-07-24,1.5357142857142858,179.0,26.939166666666665,67.57916666666667
2021-07-25,1.5842857142857143,177.0,26.04702380952381,69.05892857142858
2021-07-26,1.6228571428571428,179.0,23.68619047619048,77.37797619047619
2021-07-27,1.697142857142857,209.0,23.05464285714286,83.55357142857143
2021-07-28,1.7485714285714287,223.0,23.87939440993789,78.20217391304348
2021-07-29,1.774285714285714,236.0,25.084114906832298,70.24622153209108
2021-07-30,1.7657142857142856,237.0,25.544761904761906,72.73154761904762
2021-07-31,1.8428571428571427,231.0,25.925340136054416,71.17380952380952
2021-08-01,1.8599999999999999,235.0,22.58059523809524,79.79702380952381
2021-08-02,2.0085714285714285,242.0,21.548554421768706,74.93852040816327
2021-08-03,1.9857142857142855,269.0,22.55947278911564,69.60782312925168
2021-08-04,2.0100000000000002,279.0,21.427602040816332,84.27069160997732
2021-08-05,2.085714285714286,285.0,23.081309523809526,69.68954081632653
2021-08-06,2.06,283.0,23.734999999999996,68.93095238095238
2021-08-07,2.005714285714286,294.0,24.381020408163266,71.97916666666666
2021-08-08,2.005714285714286,311.0,25.393571428571427,67.85416666666666
2021-08-09,1.8228571428571427,312.0,24.89142857142857,62.38630952380952
2021-08-10,1.78,318.0,25.15285714285714,64.81845238095238
2021-08-11,1.7857142857142858,329.0,26.320667701863357,66.3743271221532
2021-08-12,1.76,329.0,27.663214285714286,61.80476190476191
2021-08-13,1.7885714285714285,332.0,28.039761904761907,66.0904761904762
2021-08-14,1.8057142857142858,353.0,28.67238095238095,63.198214285714286
2021-08-15,2.0414285714285714,350.0,29.026071428571424,61.775
2021-08-16,2.1128571428571425,351.0,26.88345238095238,66.05178571428571
2021-08-17,2.084285714285714,359.0,24.084437229437235,55.899025974025975
2021-08-18,2.0171428571428573,358.0,23.699052795031058,57.67919254658385
2021-08-19,1.99,351.0,23.354761904761908,58.77023809523809
2021-08-20,1.9314285714285713,355.0,24.799217687074826,57.83409863945578
2021-08-21,1.887142857142857,360.0,25.38297619047619,60.726190476190474
2021-08-22,1.5985714285714285,352.0,25.828252279635258,62.71661600810537
2021-08-23,1.5400000000000003,363.0,23.69894409937888,74.74865424430642
2021-08-24,1.5557142857142858,374.0,23.181071428571432,64.2577380952381
2021-08-25,1.5457142857142856,383.0,22.715833333333332,63.01369047619048
2021-08-26,1.5628571428571427,381.0,23.401978973407545,60.93760049474336
2021-08-27,1.592857142857143,377.0,20.034080547112463,76.55379939209726
2021-08-28,1.57,373.0,20.140900621118014,64.84363354037266
2021-08-29,1.5557142857142858,377.0,20.08547619047619,61.71369047619048
2021-08-30,1.4928571428571427,389.0,20.96297619047619,63.420238095238105
2021-08-31,1.512857142857143,398.0,20.651190476190475,72.32619047619048
2021-09-01,1.487142857142857,405.0,21.540724637681162,64.67163561076606
2021-09-02,1.3985714285714288,398.0,22.27440476190476,62.62559523809524
2021-09-03,1.3642857142857143,403.0,21.59345238095238,59.918452380952374
2021-09-04,1.3571428571428572,409.0,21.85280612244898,63.34481292517006
2021-09-05,1.2771428571428574,423.0,22.625833333333333,60.97440476190476
2021-09-06,1.2671428571428573,431.0,22.993571428571425,55.832142857142856
2021-09-07,1.195714285714286,438.0,22.249642857142856,57.589880952380945
2021-09-08,1.1857142857142857,441.0,22.71166666666667,53.56011904761905
2021-09-09,1.1742857142857144,453.0,21.74922492401216,55.12591185410334
2021-09-10,1.1414285714285715,450.0,22.03452380952381,59.42619047619048
2021-09-11,1.1157142857142859,461.0,22.416547619047616,65.02083333333333
2021-09-12,1.1428571428571428,472.0,22.557911255411256,62.01893939393939
2021-09-13,1.1528571428571428,478.0,23.154166666666665,59.27559523809524
2021-09-14,1.132857142857143,496.0,22.80464285714286,67.825
2021-09-15,1.1242857142857143,494.0,23.114083850931678,73.30983436853002
2021-09-16,1.0971428571428572,494.0,22.176604554865424,83.12370600414079
2021-09-17,1.0542857142857145,486.0,21.444285714285716,81.78869047619047
2021-09-18,1.0557142857142858,495.0,21.68684265010352,79.57003105590063
2021-09-19,1.0257142857142856,487.0,19.206071428571427,83.92142857142858
2021-09-20,0.9557142857142856,498.0,18.208214285714284,72.90416666666667
2021-09-21,0.96,499.0,18.525393374741203,72.48027950310559
2021-09-22,0.9000000000000001,480.0,18.759047619047617,71.91369047619048
2021-09-23,0.86,473.0,18.20732993197279,72.8014455782313
2021-09-24,0.8614285714285713,474.0,18.661666666666665,74.3077380952381
2021-09-25,0.8185714285714285,459.0,20.208809523809524,76.16071428571429
2021-09-26,0.7957142857142857,440.0,18.556173469387755,93.37202380952382
2021-09-27,0.7885714285714285,451.0,18.273986828774063,89.92520263424517
2021-09-28,0.7557142857142857,449.0,19.45285714285714,82.67678571428571
2021-09-29,0.7528571428571428,442.0,20.74595238095238,72.1047619047619
2021-09-30,0.7342857142857143,437.0,19.106785714285714,74.9392857142857
2021-10-01,0.7071428571428572,426.0,17.68988095238095,68.86309523809526
2021-10-02,0.6814285714285715,423.0,17.89731292517007,73.59209183673468
2021-10-03,0.6857142857142857,416.0,17.07292960662526,82.78607660455486
2021-10-04,0.65,403.0,17.60452380952381,84.02406832298136
2021-10-05,0.64,417.0,17.000714285714288,81.35357142857143
2021-10-06,0.6428571428571429,414.0,14.656428571428572,81.8065476190476
2021-10-07,0.62,412.0,14.480714285714285,72.95416666666667
2021-10-08,0.6014285714285714,394.0,15.457857142857142,73.50119047619049
2021-10-09,0.5871428571428572,396.0,15.278690476190476,61.77321428571429
2021-10-10,0.5742857142857142,387.0,13.020238095238094,64.96726190476191
2021-10-11,0.5585714285714286,380.0,12.48607142857143,74.06130952380953
2021-10-12,0.5628571428571428,389.0,12.753214285714288,77.26369047619048
2021-10-13,0.5285714285714286,374.0,12.563095238095238,75.73988095238096
2021-10-14,0.5114285714285713,354.0,11.337857142857143,71.62619047619047
2021-10-15,0.4657142857142857,353.0,10.52470111448835,76.46603343465047
2021-10-16,0.4614285714285714,342.0,11.352619047619047,75.75
2021-10-17,0.43857142857142856,341.0,11.615600303951368,75.30762411347519
2021-10-18,0.4057142857142857,340.0,11.9725,79.09761904761906
2021-10-19,0.3742857142857143,336.0,12.46933673469388,82.88307823129252
2021-10-20,0.35714285714285715,335.0,13.105815602836879,86.50542046605877
2021-10-21,0.34142857142857147,329.0,13.667155521783178,94.35818135764944
2021-10-22,0.3585714285714286,325.0,13.194404761904764,90.18809523809523
2021-10-23,0.35428571428571426,330.0,12.672834346504558,88.96251266464033
2021-10-24,0.3671428571428571,324.0,12.034523809523808,74.49285714285713
2021-10-25,0.37000000000000005,328.0,9.709607396149948,81.68257345491386
2021-10-26,0.3771428571428571,350.0,10.637380952380953,76.21964285714286
2021-10-27,0.3871428571428571,360.0,11.355952380952383,74.55535714285715
2021-10-28,0.40714285714285714,345.0,11.077619047619049,76.23571428571428
2021-10-29,0.4257142857142857,343.0,10.998571428571429,77.61011904761904
2021-10-30,0.4542857142857143,346.0,10.560153061224492,86.37295918367347
2021-10-31,0.47285714285714286,339.0,11.527142857142858,91.99071428571429
2021-11-01,0.5114285714285715,333.0,10.988214285714287,95.0547619047619
2021-11-02,0.5357142857142857,341.0,10.23,89.5904761904762
2021-11-03,0.5285714285714286,366.0,11.119608843537417,91.9077380952381
2021-11-04,0.5657142857142857,379.0,10.455119047619048,85.3920634920635
2021-11-05,0.5957142857142858,384.0,8.230272108843536,80.66777210884354
2021-11-06,0.6342857142857142,379.0,8.078962585034015,70.47465986394559
2021-11-07,0.6614285714285714,385.0,7.864563492063492,78.04047619047618
2021-11-08,0.6928571428571428,394.0,8.219285714285714,92.93452380952381
2021-11-09,0.7057142857142857,426.0,8.927857142857144,82.98095238095239
2021-11-10,0.7942857142857143,444.0,11.105471124620061,81.09447821681864
2021-11-11,0.8099999999999999,454.0,11.455,88.80595238095238
2021-11-12,0.8642857142857142,483.0,10.222023809523808,90.86011904761904
2021-11-13,0.9071428571428573,481.0,9.55,95.6547619047619
2021-11-14,0.9485714285714286,491.0,11.299007936507936,93.12142857142858
2021-11-15,1.022857142857143,510.0,11.572619047619046,87.77499999999999
2021-11-16,1.0742857142857143,575.0,9.784761904761906,89.77738095238094
2021-11-17,1.1657142857142857,609.0,10.358690476190477,93.5059523809524
2021-11-18,1.23,640.0,10.020714285714288,93.60416666666667
2021-11-19,1.3071428571428572,680.0,10.090238095238094,94.91666666666667
2021-11-20,1.3757142857142857,714.0,8.287867274569402,96.01519756838904
2021-11-21,1.4200000000000002,727.0,6.80952380952381,97.58928571428571
2021-11-22,1.4528571428571428,751.0,8.699285714285717,96.67559523809526
2021-11-23,1.4728571428571429,803.0,9.855238095238095,80.83214285714287
2021-11-24,1.5014285714285713,801.0,6.434798136645964,87.597049689441
2021-11-25,1.55,814.0,5.236162377994676,95.120082815735
2021-11-26,1.5885714285714285,848.0,7.15724417426545,93.05716818642351
2021-11-27,1.5728571428571432,864.0,7.910274327122153,92.8330745341615
2021-11-28,1.695714285714286,880.0,5.404761904761905,91.3672619047619
2021-11-29,1.7428571428571427,916.0,4.278452380952381,72.1452380952381
2021-11-30,1.7814285714285714,951.0,5.356495859213251,50.62525879917184
2021-12-01,1.8,995.0,5.057188644688645,77.01121794871794
2021-12-02,1.8257142857142858,1004.0,5.747161172161172,93.61607142857143
2021-12-03,1.8728571428571428,1026.0,5.081063579277865,84.19897959183673
2021-12-04,1.967142857142857,1045.0,2.8605769230769234,86.83516483516483
2021-12-05,1.9614285714285715,1079.0,3.860057997557998,86.84172771672772
2021-12-06,2.0114285714285716,1111.0,2.80043031942728,84.60360789160181
2021-12-07,2.0957142857142856,1175.0,2.432600732600733,77.53869047619047
2021-12-08,2.2285714285714286,1202.0,2.2347069597069598,91.3257783882784
2021-12-09,2.3971428571428572,1220.0,2.0065018315018315,97.20238095238096
2021-12-10,2.384285714285714,1263.0,1.127106227106227,93.88301282051282
2021-12-11,2.5814285714285714,1272.0,2.1136086431299197,85.99475878731198
2021-12-12,2.7014285714285715,1251.0,2.443635531135531,78.75755494505495
2021-12-13,2.771428571428572,1278.0,3.8491758241758243,81.65796703296704
2021-12-14,2.8099999999999996,1331.0,3.6095695970695973,90.04693223443223
2021-12-15,2.8871428571428575,1334.0,3.268057828696126,91.04871989712414
2021-12-16,2.9299999999999997,1331.0,1.7718585762064023,95.4047419971333
2021-12-17,3.1671428571428573,1340.0,1.8043498168498169,95.56547619047618
2021-12-18,3.242857142857143,1377.0,0.4096153846153846,96.41666666666667
2021-12-19,3.394285714285714,1385.0,0.80260989010989,95.5922619047619
2021-12-20,3.644285714285714,1420.0,3.8041208791208794,84.52541208791209
2021-12-21,3.91,1468.0,4.140384615384616,89.06845238095238
2021-12-22,4.231428571428571,1516.0,2.5470695970695973,90.03273809523809
2021-12-23,4.661428571428571,1570.0,1.088186813186813,95.20238095238096
2021-12-24,5.215714285714285,1568.0,3.5469003822264686,92.6675226946966
2021-12-25,5.755714285714286,1579.0,4.4776548244715935,95.31917332150252
2021-12-26,7.064285714285715,1619.0,4.088657770800628,96.45280612244899
2021-12-27,8.054285714285713,1726.0,5.405082417582419,97.79235347985347
2021-12-28,9.302857142857144,1891.0,6.252838827838828,97.4047619047619
2021-12-29,10.702857142857143,2022.0,4.425477783086478,96.9562629399586
2021-12-30,12.248571428571429,2035.0,3.841254578754579,97.42857142857143
2021-12-31,13.734285714285715,2080.0,2.731730769230769,97.0297619047619
2022-01-01,15.27,2167.0,1.8621336996336997,95.57738095238096
2022-01-02,16.752857142857142,2268.0,2.4219351570415397,94.79660587639312
2022-01-03,17.96,2366.0,3.218772893772894,97.68177655677654
2022-01-04,19.122857142857146,2546.0,5.843131868131868,96.58333333333333
2022-01-05,20.32857142857143,2646.0,6.240750915750915,93.53273809523809
2022-01-06,21.154285714285713,2748.0,4.046094123268037,88.10708313425705
2022-01-07,22.12714285714286,2858.0,1.5208930562191434,80.80719461697723
2022-01-08,22.41857142857143,2844.0,-0.4102842809364548,90.12776147248196
2022-01-09,21.804285714285715,3131.0,0.35402735562310034,92.47316070454369
2022-01-10,21.87,3245.0,0.5532070766113318,85.71256137479541
2022-01-11,21.330000000000002,3458.0,1.8181623931623936,74.77005494505495
2022-01-12,20.524285714285718,3570.0,1.2451465201465202,77.61286630036629
2022-01-13,19.645714285714288,3709.0,0.7320054945054946,77.26923076923076
2022-01-14,18.345714285714287,3731.0,3.600640317129679,70.77810487384954
2022-01-15,17.461428571428574,3761.0,3.6830128205128205,76.86767399267399
2022-01-16,16.754285714285714,3834.0,3.7510989010989007,80.8617216117216
2022-01-17,15.9,3916.0,4.819655939298797,70.40920983778126
2022-01-18,15.138571428571428,3971.0,4.127564102564102,83.99908424908425
2022-01-19,14.85,3943.0,2.3416666666666663,91.2632783882784
2022-01-20,15.602857142857143,3990.0,3.255998168498168,94.76900183150182
2022-01-21,15.651428571428571,3779.0,0.7306776556776556,94.21565934065934
2022-01-22,15.664285714285715,3735.0,0.770995670995671,87.43127705627705
2022-01-23,15.519999999999998,3663.0,1.1310273945912244,88.2130777024394
2022-01-24,15.248571428571427,3681.0,-0.5466380250954719,96.46086626139818
2022-01-25,15.157142857142858,3675.0,2.4623051593796275,93.5529771646793
2022-01-26,14.728571428571428,3664.0,1.9985805860805865,95.49945887445888
2022-01-27,13.581428571428573,3518.0,1.9520146520146522,96.23214285714286
2022-01-28,13.007142857142856,3416.0,3.0967948717948715,85.77953296703296
2022-01-29,12.512857142857143,3326.0,2.8243131868131868,75.5885989010989
2022-01-30,12.01857142857143,3258.0,5.367471219256934,73.8350667189953
2022-01-31,11.51857142857143,3267.0,3.9412764771460425,79.31436136327441
2022-02-01,11.115714285714287,3279.0,8.51565934065934,38.06845238095237
2022-02-02,10.661428571428573,3199.0,8.88795592705167,54.089022679448206
2022-02-03,10.135714285714286,3117.0,6.977057516951135,75.28485698698465
2022-02-04,9.614285714285714,3030.0,6.978663003663003,88.55059523809526
2022-02-05,9.26142857142857,2870.0,5.448004971219256,92.46811224489797
2022-02-06,8.972857142857142,2795.0,4.057380952380952,93.97321428571429
2022-02-07,8.684285714285716,2765.0,8.132587650444794,50.6675681978477
2022-02-08,8.575714285714286,2716.0,5.657234432234432,44.08814102564103
2022-02-09,8.392857142857142,2585.0,6.545650183150182,70.32669413919415
2022-02-10,8.088571428571429,2454.0,7.359111721611721,83.16895604395606
2022-02-11,8.017142857142856,2335.0,8.577472527472526,78.3489010989011
2022-02-12,7.891428571428571,2221.0,6.034977788169278,59.80841321798768
2022-02-13,7.942857142857142,2104.0,3.583210583742499,63.411717714909194
2022-02-14,7.950000000000001,2075.0,3.6848181580324435,78.596121140764
2022-02-15,7.888571428571429,2038.0,2.7326923076923078,96.6815476190476
2022-02-16,7.6885714285714295,1918.0,3.7818730028836405,90.64652988855117
2022-02-17,7.63,1807.0,5.108974358974359,89.77678571428571
2022-02-18,7.574285714285715,1678.0,5.930998168498168,89.66300366300366
2022-02-19,7.545714285714285,1547.0,9.013664311878598,92.9615711669283
2022-02-20,7.5857142857142845,1481.0,8.97205985503858,88.51526576260619
2022-02-21,7.667142857142857,1483.0,9.30824175824176,70.3264652014652
2022-02-22,7.69,1409.0,10.669230769230769,43.244505494505496
2022-02-23,7.702857142857142,1331.0,8.630677655677657,56.769917582417584
2022-02-24,7.575714285714286,1306.0,7.5594780219780215,69.98191391941393
2022-02-25,7.527142857142857,1290.0,8.218406593406593,64.96314102564102
2022-02-26,7.478571428571429,1201.0,7.081436420722135,59.95414704343276
2022-02-27,7.315714285714286,1156.0,5.498580586080586,51.805402930402934
2022-02-28,7.215714285714285,1149.0,5.566444270015698,55.957123233908945
2022-03-01,7.122857142857143,1104.0,5.4161172161172155,51.95558608058608
2022-03-02,7.051428571428572,1078.0,5.095009157509158,59.978708791208796
2022-03-03,7.005714285714285,1041.0,7.7150035595633595,63.27046901050223
2022-03-04,7.075714285714286,983.0,7.307029383659818,60.07931199235547
2022-03-05,7.12,930.0,5.971428571428572,54.640338827838825
2022-03-06,7.271428571428571,903.0,4.86467052451095,53.00441314005143
2022-03-07,7.447142857142857,903.0,4.053388278388279,62.7415293040293
2022-03-08,7.607142857142857,902.0,4.595339624143973,56.68759953814301
2022-03-09,7.842857142857143,873.0,4.661813186813187,60.28479853479854
2022-03-10,8.114285714285714,848.0,6.619139194139193,59.67307692307692
2022-03-11,8.401428571428571,856.0,7.34436016881669,63.73128682911291
2022-03-12,8.671428571428573,848.0,6.133865539222683,55.47369297369297
2022-03-13,8.954285714285714,835.0,5.1596153846153845,57.3404304029304
2022-03-14,9.334285714285715,859.0,8.247710622710624,65.11721611721612
2022-03-15,9.707142857142857,902.0,9.027274114774114,71.97188644688644
2022-03-16,10.06,880.0,11.366016873197724,74.03513950588419
2022-03-17,10.437142857142858,902.0,10.504519884877029,78.53427524856095
2022-03-18,10.837142857142856,916.0,10.602898550724637,59.50905797101449
2022-03-19,11.205714285714285,938.0,8.642899033590522,53.256088769386636
2022-03-20,11.53,931.0,8.609595761381474,46.11839351125065
2022-03-21,11.588571428571429,956.0,8.272701039270808,45.48371880057926
2022-03-22,11.794285714285715,979.0,7.917490842490842,48.172100122100126
2022-03-23,11.928571428571429,987.0,10.105790043290044,45.46049783549783
2022-03-24,12.047142857142857,1006.0,11.95327878643096,44.915770823379525
2022-03-25,12.04142857142857,999.0,12.276739926739927,43.11378205128205
2022-03-26,12.105714285714287,960.0,12.677747252747254,46.68017399267399
2022-03-27,12.135714285714286,972.0,12.660176779741997,51.5849259436216
2022-03-28,12.191428571428572,1014.0,12.979019350215001,49.76925067685937
2022-03-29,12.295714285714284,1056.0,11.130357142857141,68.82394688644689
2022-03-30,12.381428571428572,1079.0,10.55892857142857,85.06739926739927
2022-03-31,12.42,1081.0,11.060943223443223,85.35760073260074
2022-04-01,12.441428571428572,1112.0,10.449305810703988,83.70923655878063
2022-04-02,12.548571428571426,1118.0,7.646533228676085,69.87248168498168
2022-04-03,12.444285714285714,1125.0,7.198593073593074,76.31472693972694
2022-04-04,12.27142857142857,1152.0,8.67335164835165,69.0801282051282
2022-04-05,12.255714285714285,1198.0,9.875869963369963,66.49198717948717
2022-04-06,12.342857142857143,1179.0,11.708859890109892,69.35828754578755
2022-04-07,12.441428571428572,1128.0,13.848809523809523,62.63141025641026
2022-04-08,12.585714285714285,1143.0,15.083828671328671,69.55053280053279
2022-04-09,12.572857142857144,1147.0,13.747161172161173,55.90338827838827
2022-04-10,12.661428571428571,1122.0,9.993177655677657,56.314102564102555
2022-04-11,12.821428571428571,1146.0,11.271794871794873,49.14102564102564
2022-04-12,12.875714285714285,1148.0,12.746932234432235,54.9981684981685
2022-04-13,12.81142857142857,1189.0,13.956082094869279,60.78556655015465
2022-04-14,12.73142857142857,1163.0,15.664606227106225,57.29212454212455
2022-04-15,12.772857142857143,1155.0,16.801236263736264,55.390338827838825
2022-04-16,12.715714285714286,1161.0,16.465750915750917,59.496565934065934
2022-04-17,12.711428571428572,1141.0,12.530998168498169,52.59340659340659
2022-04-18,12.861428571428572,1152.0,12.424826803631152,49.83426899187769
2022-04-19,12.542857142857144,1182.0,13.454456979191022,52.561530667913644
2022-04-20,12.725714285714286,1207.0,13.05242673992674,65.32051282051282
2022-04-21,12.959999999999999,1235.0,11.763058608058609,64.21666666666667
2022-04-22,12.967142857142857,1240.0,11.702838827838828,84.4198717948718
2022-04-23,13.167142857142855,1215.0,13.595283882783884,84.6723901098901
2022-04-24,13.207142857142857,1197.0,12.291467227323578,78.41830683742934
2022-04-25,13.168571428571427,1213.0,13.871076206402293,76.5425625099538
2022-04-26,13.307142857142859,1252.0,14.03764518002323,87.17054185651747
2022-04-27,13.257142857142856,1286.0,15.128722726548816,72.32589783405
2022-04-28,13.142857142857142,1296.0,15.908434862239208,61.49214644051601
2022-04-29,12.972857142857142,1267.0,16.63919413919414,53.35325091575091
2022-04-30,12.747142857142858,1260.0,16.43901098901099,53.519917582417584
2022-05-01,12.719999999999999,1219.0,16.29459706959707,62.358745421245416
2022-05-02,12.755714285714287,1212.0,16.37900740563784,64.93249323140627
2022-05-03,13.4,1210.0,17.016117216117216,64.53136446886447
2022-05-04,13.260000000000002,1226.0,16.642307692307696,72.20032051282051
2022-05-05,13.361428571428572,1216.0,14.590181006936328,83.13443028602603
2022-05-06,13.537142857142856,1185.0,13.231410256410257,93.47527472527473
2022-05-07,13.557142857142859,1165.0,14.782234432234432,88.08379120879121
2022-05-08,13.108571428571429,1134.0,16.96548927263213,78.28826530612244
2022-05-09,13.422857142857142,1132.0,18.452000038968123,71.04899267399267
2022-05-10,13.297142857142857,1122.0,20.107967032967032,63.308836996337
2022-05-11,13.414285714285713,1081.0,21.69096677132391,59.71559392987964
2022-05-12,13.388571428571428,1023.0,21.753789650066242,61.887576962045046
2022-05-13,13.391428571428573,989.0,21.82358058608059,61.31891025641026
2022-05-14,13.402857142857144,969.0,22.16160568155249,65.17419725664408
2022-05-15,13.77142857142857,928.0,23.341409858257684,66.61978420130593
2022-05-16,13.288571428571428,916.0,23.987408424908427,57.48099816849817
2022-05-17,12.897142857142857,949.0,23.701556776556775,57.009157509157504
2022-05-18,12.427142857142858,949.0,23.4474358974359,61.747939560439555
2022-05-19,12.040000000000001,900.0,23.01178332537028,49.4326724000637
2022-05-20,11.538571428571428,865.0,23.969917582417583,53.71405677655678
2022-05-21,11.134285714285713,830.0,24.960334050007965,59.15663322185061
2022-05-22,10.664285714285715,804.0,24.735760073260074,65.64720695970696
2022-05-23,10.26142857142857,778.0,24.90133368404645,61.59694295066636
2022-05-24,9.861428571428572,785.0,22.77747252747253,63.44162087912088
2022-05-25,9.611428571428572,813.0,22.01753663003663,70.1643772893773
2022-05-26,9.278571428571428,752.0,23.051939726939725,71.65238927738928
2022-05-27,8.925714285714287,733.0,25.009111721611724,67.07967032967034
2022-05-28,8.66,703.0,22.88239767478898,68.60786948558687
2022-05-29,8.547142857142857,643.0,16.181340579710145,71.10370879120879
2022-05-30,8.370000000000001,650.0,17.335836061102018,69.68487452264047
2022-05-31,8.24,648.0,20.585256410256413,69.45558608058607
2022-06-01,8.137142857142857,607.0,22.692994505494507,65.56227106227105
2022-06-02,8.138571428571428,567.0,24.347298534798533,64.53731684981685
2022-06-03,8.062857142857142,552.0,22.971794871794867,79.26831501831501
2022-06-04,8.517142857142858,532.0,24.579349816849817,68.57165750915752
2022-06-05,8.757142857142858,510.0,25.15357142857143,68.27472527472527
2022-06-06,8.997142857142856,516.0,24.67330586080586,63.064102564102555
2022-06-07,9.45142857142857,523.0,22.970695970695974,69.89304029304029
2022-06-08,9.915714285714285,513.0,21.851174550087592,65.72442865105909
2022-06-09,10.444285714285714,494.0,21.52436356703074,65.41464449937094
2022-06-10,11.165714285714285,478.0,24.336492673992673,39.1193746729461
2022-06-11,11.227142857142855,457.0,24.670741758241757,50.356456043956044
2022-06-12,11.47857142857143,448.0,26.167857142857144,51.820512820512825
2022-06-13,11.932857142857143,466.0,26.645952380952384,55.396428571428565
2022-06-14,12.567142857142857,494.0,25.768343465045593,59.34782168186423
2022-06-15,13.18857142857143,512.0,26.675781327023564,56.65314749088041
2022-06-16,14.031428571428572,523.0,27.386766209980493,59.97176038247467
2022-06-17,14.787142857142856,543.0,28.140766045548652,57.69868012422361
2022-06-18,15.64857142857143,567.0,27.6868928173276,49.831043956043956
2022-06-19,16.604285714285712,572.0,27.753383572948792,50.12946111859156
2022-06-20,17.47,605.0,27.947827527082843,52.89095744680851
2022-06-21,18.295714285714286,654.0,27.984249084249086,55.789255189255194
2022-06-22,19.312857142857144,693.0,25.405896639592292,70.33572224876572
2022-06-23,19.897142857142857,707.0,25.713141025641026,68.87820512820512
2022-06-24,20.624285714285715,719.0,24.91854395604396,63.03525641025641
2022-06-25,21.107142857142858,730.0,25.099542124542122,60.31021062271062
2022-06-26,21.71857142857143,756.0,26.40788580467152,58.24314613957471
2022-06-27,22.388571428571428,794.0,28.532913282369805,54.27450629081064
2022-06-28,20.821428571428573,854.0,26.23257289498984,65.46808106068903
2022-06-29,21.837142857142855,875.0,25.957005494505495,64.2790750915751
2022-06-30,22.35,933.0,27.114174231565535,61.55058528428094
2022-07-01,22.657142857142855,999.0,27.36130952380952,54.80380036630037
2022-07-02,22.982857142857146,1031.0,27.84646072013093,53.01119359364041
2022-07-03,23.12714285714286,1026.0,29.271382783882782,52.60164835164835
2022-07-04,23.12,1052.0,27.845741758241754,59.237637362637365
2022-07-05,25.262857142857143,1129.0,27.290705128205126,59.595695970695964
2022-07-06,24.715714285714288,1200.0,27.22205011300756,56.85616865404099
2022-07-07,24.692857142857143,1241.0,26.808287545787547,53.619505494505496
2022-07-08,24.60571428571429,1244.0,25.485256410256415,53.60989010989011
2022-07-09,24.585714285714285,1290.0,25.20006171364867,50.91941391941391
2022-07-10,24.484285714285715,1307.0,26.309157509157505,45.61378205128205
2022-07-11,24.595714285714283,1335.0,26.485485347985342,53.96749084249084
2022-07-12,24.497142857142855,1419.0,26.543613632744066,56.19080466634814
2022-07-13,24.465714285714284,1446.0,26.82851824676359,55.48732168452665
2022-07-14,24.40857142857143,1497.0,28.22960603226561,53.05252903125244
2022-07-15,24.385714285714283,1526.0,29.504761904761903,51.605082417582416
2022-07-16,24.18857142857143,1548.0,29.013049450549453,55.20833333333333
2022-07-17,23.988571428571426,1566.0,28.992582417582415,54.89262820512821
2022-07-18,23.73857142857143,1578.0,28.643635531135526,51.97275641025641
2022-07-19,23.314285714285717,1581.0,29.19470390720391,47.451159951159944
2022-07-20,22.928571428571427,1612.0,29.816749473930326,43.049197256644064
2022-07-21,22.33857142857143,1581.0,30.31309523809524,44.81341575091575
2022-07-22,21.60571428571428,1565.0,30.468028602603066,47.133281149932394
2022-07-23,21.062857142857144,1538.0,29.384844322344325,54.92902930402931
2022-07-24,20.497142857142855,1543.0,29.412042124542126,59.07142857142857
2022-07-25,19.924285714285713,1574.0,29.64746774964166,56.69814062748845
2022-07-26,19.57714285714286,1632.0,28.024669533365188,60.24954212454213
2022-07-27,18.91142857142857,1608.0,26.510499283325373,60.927297340340814
2022-07-28,18.487142857142857,1578.0,27.260456333675574,59.119912541975445
2022-07-29,18.21,1555.0,24.50347863192464,71.33759614553625
2022-07-30,17.864285714285717,1501.0,25.863443621595795,62.759953814301646
2022-07-31,17.634285714285713,1467.0,27.123763736263736,49.920558608058606
2022-08-01,17.19857142857143,1452.0,28.14239926739927,50.94253663003663
2022-08-02,16.792857142857144,1425.0,27.5364527316655,53.31253409710856
2022-08-03,16.398571428571426,1395.0,27.995283882783887,53.71909340659341
2022-08-04,15.998571428571429,1330.0,29.391411849020546,51.57299132027392
2022-08-05,15.67,1246.0,30.02449633699634,50.42948717948718
2022-08-06,15.361428571428572,1182.0,29.111896798853316,53.80299410734193
2022-08-07,15.015714285714285,1149.0,25.193641503424114,69.49907429526995
2022-08-08,14.797142857142859,1160.0,26.055906593406593,63.18612637362638
2022-08-09,14.441428571428572,1174.0,27.18150183150183,57.47733516483517
2022-08-10,14.219999999999999,1123.0,27.137957875457875,49.69070512820513
2022-08-11,13.92,1096.0,26.821703296703298,48.50618131868133
2022-08-12,13.614285714285714,1038.0,24.244917582417578,58.692994505494504
2022-08-13,13.30285714285714,1010.0,23.550641025641028,59.128434065934066
2022-08-14,13.114285714285714,946.0,24.820238095238096,53.954441391941394
2022-08-15,12.86,936.0,25.50572344322344,60.07371794871795
2022-08-16,12.175714285714287,947.0,25.018757306523266,67.01234315330059
2022-08-17,12.239999999999998,918.0,25.005290897046216,72.83952926506117
2022-08-18,12.31857142857143,904.0,21.539846540622936,86.87319693763793
2022-08-19,12.482857142857142,866.0,21.704258241758243,82.02564102564102
2022-08-20,12.718571428571428,820.0,24.90970695970696,62.88759157509157
2022-08-21,12.930000000000001,803.0,25.510164835164833,56.78983516483517
2022-08-22,13.172857142857142,810.0,25.831456043956045,56.50366300366301
2022-08-23,14.254285714285714,800.0,25.189880952380953,57.1808608058608
2022-08-24,14.137142857142859,775.0,25.060278816927752,59.71094419764633
2022-08-25,14.265714285714285,780.0,25.979624542124537,60.16414835164835
2022-08-26,14.38,780.0,26.464468864468866,62.5940934065934
2022-08-27,14.650000000000002,780.0,23.345741758241758,75.42696886446886
2022-08-28,14.705714285714285,694.0,24.521794871794874,70.23466117216118
2022-08-29,14.742857142857144,688.0,25.505257604714128,68.82047300525561
2022-08-30,14.430000000000001,680.0,24.9029304029304,73.11950549450549
2022-08-31,14.257142857142856,655.0,23.088152970218186,76.98463131071829
2022-09-01,14.02,627.0,23.094047619047615,70.11126373626372
2022-09-02,13.755714285714285,609.0,22.534497366868187,64.03910451250877
2022-09-03,13.324285714285713,600.0,21.721621148459384,69.00590569561157